FID,ogc_fid,site_id,lat,long,jen_men,tinggi,jen_kons,geometry
menaratelepon_ar_50k_10f62879eecb175b3f432c439e656c64.1,1,MPW012,-0.172583,109.434944,Green Field,62,4 KAKI,POINT (109.434944444444 -0.172583333333333)
menaratelepon_ar_50k_10f62879eecb175b3f432c439e656c64.2,2,MPW013,-0.056306,109.194222,Green Field,72,4 KAKI,POINT (109.194222222222 -0.0563055555555556)
menaratelepon_ar_50k_10f62879eecb175b3f432c439e656c64.3,3,PTK016,-0.090778,109.349056,Green Field,72,4 KAKI,POINT (109.349055555556 -0.0907777777777778)
menaratelepon_ar_50k_10f62879eecb175b3f432c439e656c64.4,4,MPW015,-0.110944,109.409833,Green Field,42,4 KAKI,POINT (109.409833333333 -0.110944444444444)
menaratelepon_ar_50k_10f62879eecb175b3f432c439e656c64.5,5,MPW018,-0.062167,109.255444,Green Field,72,4 KAKI,POINT (109.255444444444 -0.0621666666666667)
menaratelepon_ar_50k_10f62879eecb175b3f432c439e656c64.6,6,PTK049,-0.067611,109.37125,Green Field,42,4 KAKI,POINT (109.37125 -0.0676111111111111)
menaratelepon_ar_50k_10f62879eecb175b3f432c439e656c64.7,7,MPW017,-0.093222,109.393278,Green Field,42,4 KAKI,POINT (109.393277777778 -0.0932222222222222)
menaratelepon_ar_50k_10f62879eecb175b3f432c439e656c64.8,8,MPW020,-0.075167,109.364778,Green Field,42,4 KAKI,POINT (109.364777777778 -0.0751666666666667)
menaratelepon_ar_50k_10f62879eecb175b3f432c439e656c64.9,9,MPW030,-0.126639,109.246806,Green Field,62,4 KAKI,POINT (109.246805555556 -0.126638888888889)
menaratelepon_ar_50k_10f62879eecb175b3f432c439e656c64.10,10,MPW031,-0.296972,109.567278,Green Field,72,4 KAKI,POINT (109.567277777778 -0.296972222222222)
menaratelepon_ar_50k_10f62879eecb175b3f432c439e656c64.11,11,MPW022,-0.695139,109.264361,Green Field,72,4 KAKI,POINT (109.26436111111111 -0.6951388888888889)
menaratelepon_ar_50k_10f62879eecb175b3f432c439e656c64.12,12,MPW021,-0.491889,109.377444,,72,4 KAKI,POINT (109.37744444444444 -0.4918888888888889)
menaratelepon_ar_50k_10f62879eecb175b3f432c439e656c64.13,13,MPW053,-0.105417,109.397917,Green Field,42,4 KAKI,POINT (109.39791666666667 -0.1054166666666667)
menaratelepon_ar_50k_10f62879eecb175b3f432c439e656c64.14,14,MPW052,-0.031361,109.604722,Green Field,72,4 KAKI,POINT (109.60472222222222 -0.0313611111111111)
menaratelepon_ar_50k_10f62879eecb175b3f432c439e656c64.15,15,MPW045,-0.052417,109.515861,Green Field,72,4 KAKI,POINT (109.51586111111111 -0.0524166666666667)
menaratelepon_ar_50k_10f62879eecb175b3f432c439e656c64.16,16,MPW026,-0.038972,109.4135,Green Field,72,4 KAKI,POINT (109.4135 -0.0389722222222222)
menaratelepon_ar_50k_10f62879eecb175b3f432c439e656c64.17,17,MPW036,-0.739778,109.533111,Green Field,92,4 KAKI,POINT (109.53311111111111 -0.7397777777777778)
menaratelepon_ar_50k_10f62879eecb175b3f432c439e656c64.18,18,MPW126,-0.008556,109.196111,Green Field,72,4 KAKI,POINT (109.19611111111111 -0.0085555555555556)
menaratelepon_ar_50k_10f62879eecb175b3f432c439e656c64.19,19,MPW060,-0.0375,109.467806,Green Field,72,4 KAKI,POINT (109.46780555555556 -0.0375)
menaratelepon_ar_50k_10f62879eecb175b3f432c439e656c64.20,20,PTK042,-0.312583,109.15125,Green Field,72,4 KAKI,POINT (109.15125 -0.3125833333333333)
menaratelepon_ar_50k_10f62879eecb175b3f432c439e656c64.21,21,PTK043,-0.008639,109.44925,Green Field,72,4 KAKI,POINT (109.44925 -0.0086388888888889)
menaratelepon_ar_50k_10f62879eecb175b3f432c439e656c64.22,22,MPW067,-0.395056,109.211444,,72,4 KAKI,POINT (109.21144444444445 -0.3950555555555556)
menaratelepon_ar_50k_10f62879eecb175b3f432c439e656c64.23,23,MPW046,-0.09325,109.227333,Green Field,62,4 KAKI,POINT (109.22733333333333 -0.09325)
menaratelepon_ar_50k_10f62879eecb175b3f432c439e656c64.24,24,MPW058,-0.100056,109.286083,Green Field,72,4 KAKI,POINT (109.28608333333334 -0.1000555555555556)
menaratelepon_ar_50k_10f62879eecb175b3f432c439e656c64.25,25,MPW144,-0.005306,109.270222,Green Field,42,4 KAKI,POINT (109.27022222222222 -0.0053055555555556)
menaratelepon_ar_50k_10f62879eecb175b3f432c439e656c64.53,53,16MPW017,-0.490204,109.380673,green field,70,4 KAKI,POINT (109.38067252 -0.49020432)
menaratelepon_ar_50k_10f62879eecb175b3f432c439e656c64.26,26,MPW011,-0.141111,109.410361,Green Field,40,4 KAKI,POINT (109.41036111111111 -0.1411111111111111)
menaratelepon_ar_50k_10f62879eecb175b3f432c439e656c64.27,27,MPW063,-0.070222,109.390333,Green Field,72,4 KAKI,POINT (109.39033333333334 -0.0702222222222222)
menaratelepon_ar_50k_10f62879eecb175b3f432c439e656c64.28,28,MPW054,-0.21525,109.468,Green Field,72,4 KAKI,POINT (109.468 -0.21525)
menaratelepon_ar_50k_10f62879eecb175b3f432c439e656c64.29,29,MPW062,-0.751611,109.542361,Green Field,72,4 KAKI,POINT (109.5423611111111 -0.7516111111111111)
menaratelepon_ar_50k_10f62879eecb175b3f432c439e656c64.30,30,MPW059,-0.225194,109.387917,Green Field,72,4 KAKI,POINT (109.38791666666667 -0.2251944444444444)
menaratelepon_ar_50k_10f62879eecb175b3f432c439e656c64.31,31,MPW010,-0.08625,109.3755,Green Field,42,4 KAKI,POINT (109.37549999999999 -0.08625)
menaratelepon_ar_50k_10f62879eecb175b3f432c439e656c64.32,32,MPW072,-0.014167,109.695278,Green Field,72,4 KAKI,POINT (109.69527777777778 -0.0141666666666667)
menaratelepon_ar_50k_10f62879eecb175b3f432c439e656c64.33,33,MPW075,-0.266944,109.281944,Green Field,72,4 KAKI,POINT (109.28194444444445 -0.2669444444444444)
menaratelepon_ar_50k_10f62879eecb175b3f432c439e656c64.34,34,MPW071,-0.384167,109.626944,Green Field,72,4 KAKI,POINT (109.62694444444443 -0.3841666666666667)
menaratelepon_ar_50k_10f62879eecb175b3f432c439e656c64.35,35,MPW077,0.044111,109.557889,Green Field,42,4 KAKI,POINT (109.55788888888888 0.0441111111111111)
menaratelepon_ar_50k_10f62879eecb175b3f432c439e656c64.36,36,MPW047,-0.006556,109.238167,Green Field,72,4 KAKI,POINT (109.238166666667 -0.0065555555555556)
menaratelepon_ar_50k_10f62879eecb175b3f432c439e656c64.37,37,MPW029,-0.792639,109.468667,Green Field,82,4 KAKI,POINT (109.46866666666666 -0.7926388888888889)
menaratelepon_ar_50k_10f62879eecb175b3f432c439e656c64.38,38,MPW149,-0.81525,109.49311,Green Field,0,4 KAKI,POINT (109.49311 -0.81525)
menaratelepon_ar_50k_10f62879eecb175b3f432c439e656c64.39,39,16MPW001,-0.141472,109.410139,Green Field,40,4 KAKI,POINT (109.410138888889 -0.141472222222222)
menaratelepon_ar_50k_10f62879eecb175b3f432c439e656c64.40,40,16PTK006,-0.086472,109.376222,Green Field,43,4 KAKI,POINT (109.376222222222 -0.0864722222222222)
menaratelepon_ar_50k_10f62879eecb175b3f432c439e656c64.41,41,16MPW006,-0.248306,109.371583,green field,70,4 KAKI,POINT (109.371583333333 -0.248305555555556)
menaratelepon_ar_50k_10f62879eecb175b3f432c439e656c64.42,42,16MPW010,-0.174083,109.435889,Green Field,45,4 KAKI,POINT (109.435888888889 -0.174083333333333)
menaratelepon_ar_50k_10f62879eecb175b3f432c439e656c64.43,43,16MPW009,-0.056444,109.194278,Green Field,70,4 KAKI,POINT (109.194277777778 -0.0564444444444444)
menaratelepon_ar_50k_10f62879eecb175b3f432c439e656c64.44,44,16MPW026,-0.729861,109.565889,Green Field,100,4 KAKI,POINT (109.565889 -0.729861)
menaratelepon_ar_50k_10f62879eecb175b3f432c439e656c64.45,45,16PTK017,-0.10325,109.407444,Green Field,40,4 KAKI,POINT (109.407444444444 -0.10325)
menaratelepon_ar_50k_10f62879eecb175b3f432c439e656c64.46,46,16KTP009,-0.743417,109.537139,Green Field,70,4 KAKI,POINT (109.537138888889 -0.743416666666667)
menaratelepon_ar_50k_10f62879eecb175b3f432c439e656c64.47,47,16MPW016,-0.011111,109.224083,Green Field,70,4 KAKI,POINT (109.224083333333 -0.0111111111111111)
menaratelepon_ar_50k_10f62879eecb175b3f432c439e656c64.48,48,16MPW027,-0.696528,109.263278,Green Field,70,4 KAKI,POINT (109.263277777778 -0.696527777777778)
menaratelepon_ar_50k_10f62879eecb175b3f432c439e656c64.49,49,16PTK030,-0.032278,109.393278,Green Field,55,4 KAKI,POINT (109.393277777778 -0.0322777777777778)
menaratelepon_ar_50k_10f62879eecb175b3f432c439e656c64.50,50,16MPW020,-0.124498,109.243279,Green Field,70,4 KAKI,POINT (109.243279 -0.124498)
menaratelepon_ar_50k_10f62879eecb175b3f432c439e656c64.51,51,16PTK023,-0.062333,109.366139,Green Field,42,4 KAKI,POINT (109.366138888889 -0.0623333333333333)
menaratelepon_ar_50k_10f62879eecb175b3f432c439e656c64.52,52,16MPW019,-0.296619,109.567921,green field,70,4 KAKI,POINT (109.56792069 -0.29661885)
menaratelepon_ar_50k_10f62879eecb175b3f432c439e656c64.54,54,16MPW023,-0.384221,109.627335,green field,70,4 KAKI,POINT (109.62733463 -0.38422105)
menaratelepon_ar_50k_10f62879eecb175b3f432c439e656c64.55,55,16PTK053,-0.004722,109.262361,Green Field,52,4 KAKI,POINT (109.262361111111 -0.0047222222222222)
menaratelepon_ar_50k_10f62879eecb175b3f432c439e656c64.56,56,16MPW041,-0.040101,109.540271,Green Field,72,4 KAKI,POINT (109.54027084 -0.04010096)
menaratelepon_ar_50k_10f62879eecb175b3f432c439e656c64.57,57,16MPW044,-0.589417,109.256083,green field,72,4 KAKI,POINT (109.256083333333 -0.589416666666667)
menaratelepon_ar_50k_10f62879eecb175b3f432c439e656c64.58,58,16PTK038,-0.062829,109.380935,Green Field,70,4 KAKI,POINT (109.38093469 -0.06282936)
menaratelepon_ar_50k_10f62879eecb175b3f432c439e656c64.59,59,16MPW025,-0.030311,109.609984,Green Field,70,4 KAKI,POINT (109.609984 -0.030311)
menaratelepon_ar_50k_10f62879eecb175b3f432c439e656c64.60,60,16MPW040,-0.036008,109.463793,Green Field,70,4 KAKI,POINT (109.46379275 -0.0360077)
menaratelepon_ar_50k_10f62879eecb175b3f432c439e656c64.61,61,16MPW043,-0.211735,109.393508,green field,52,4 KAKI,POINT (109.393508 -0.211735)
menaratelepon_ar_50k_10f62879eecb175b3f432c439e656c64.62,62,16MPW050,-0.080167,109.401472,Green Field,52,4 KAKI,POINT (109.401472222222 -0.0801666666666667)
menaratelepon_ar_50k_10f62879eecb175b3f432c439e656c64.63,63,16PTK062,-0.066306,109.242806,Green Field,72,4 KAKI,POINT (109.242805555556 -0.0663055555555556)
menaratelepon_ar_50k_10f62879eecb175b3f432c439e656c64.64,64,16PTK066,-0.093361,109.39275,Green Field,42,4 KAKI,POINT (109.39275 -0.0933611111111111)
menaratelepon_ar_50k_10f62879eecb175b3f432c439e656c64.65,65,16MPW049,-0.01584,109.696801,Green Field,72,4 KAKI,POINT (109.696801 -0.01584)
menaratelepon_ar_50k_10f62879eecb175b3f432c439e656c64.66,66,16MPW045,-0.313111,109.148944,green field,72,4 KAKI,POINT (109.148944 -0.313111)
menaratelepon_ar_50k_10f62879eecb175b3f432c439e656c64.67,67,16MPW054,-0.136614,109.437819,Green Field,52,4 KAKI,POINT (109.437819 -0.136614)
menaratelepon_ar_50k_10f62879eecb175b3f432c439e656c64.68,68,16PTK071,-0.268565,109.286218,green field,52,4 KAKI,POINT (109.286218 -0.268565)
menaratelepon_ar_50k_10f62879eecb175b3f432c439e656c64.69,69,3412,-0.109472,109.388,Green Field,50,3 KAKI,POINT (109.388 -0.109472)
menaratelepon_ar_50k_10f62879eecb175b3f432c439e656c64.70,70,3405,-0.141028,109.41,Green Field,30,4 KAKI,POINT (109.41 -0.141028)
menaratelepon_ar_50k_10f62879eecb175b3f432c439e656c64.71,71,3413,-0.006556,109.272,Green Field,70,3 KAKI,POINT (109.272 -0.006556)
menaratelepon_ar_50k_10f62879eecb175b3f432c439e656c64.72,72,C415,-0.252361,109.371,green field,70,,POINT (109.371 -0.252361)
menaratelepon_ar_50k_10f62879eecb175b3f432c439e656c64.73,73,CD06,-0.503694,109.371,,90,4 KAKI,POINT (109.371 -0.503694)
menaratelepon_ar_50k_10f62879eecb175b3f432c439e656c64.74,74,CD05,-0.313972,109.151,green field,71,4 KAKI,POINT (109.151 -0.313972)
menaratelepon_ar_50k_10f62879eecb175b3f432c439e656c64.75,75,2111022,-0.094139,109.379,Green Field,36,,POINT (109.379 -0.094139)
menaratelepon_ar_50k_10f62879eecb175b3f432c439e656c64.76,76,CD07,-0.035778,109.452,Green Field,120,4 KAKI,POINT (109.452 -0.035778)
menaratelepon_ar_50k_10f62879eecb175b3f432c439e656c64.77,77,KAL-WKL-0008-X-P,-0.25177,109.37033,green field,71,3 KAKI,POINT (109.37033 -0.25177)
menaratelepon_ar_50k_10f62879eecb175b3f432c439e656c64.78,78,KAL-WKL-0001-M-B,-0.17378,109.43591,Green Field,45,3 KAKI,POINT (109.43591 -0.17378)
menaratelepon_ar_50k_10f62879eecb175b3f432c439e656c64.79,79,KAL-WKL-0003-M-B,-0.03509,109.45073,Green Field,62,3 KAKI,POINT (109.45073 -0.03509)
menaratelepon_ar_50k_10f62879eecb175b3f432c439e656c64.80,80,KAL-WKL-0005-X-P,-0.10711,109.38944,Green Field,36,3 KAKI,POINT (109.38944 -0.10711)
menaratelepon_ar_50k_10f62879eecb175b3f432c439e656c64.81,81,KAL-WKL-0010-M-B,-0.10219,109.40908,Green Field,43,3 KAKI,POINT (109.40908 -0.10219)
menaratelepon_ar_50k_10f62879eecb175b3f432c439e656c64.82,82,140185,-0.00906,109.23767,Green Field,52,3 KAKI,POINT (109.23767 -0.00906)
menaratelepon_ar_50k_10f62879eecb175b3f432c439e656c64.83,83,140055,-0.21528,109.46794,Green Field,52,3 KAKI,POINT (109.46794 -0.21528)
menaratelepon_ar_50k_10f62879eecb175b3f432c439e656c64.84,84,140094,0.09829,109.36266,Green Field,52,3 KAKI,POINT (109.36266 0.09829)
menaratelepon_ar_50k_10f62879eecb175b3f432c439e656c64.85,85,140100,-0.11382,109.41023,Green Field,42,3 KAKI,POINT (109.41023 -0.11382)
menaratelepon_ar_50k_10f62879eecb175b3f432c439e656c64.86,86,140103,-0.15494,109.42361,Green Field,42,4 KAKI,POINT (109.42361 -0.15494)
menaratelepon_ar_50k_10f62879eecb175b3f432c439e656c64.87,87,140141,-0.1111,109.39514,Green Field,42,3 KAKI,POINT (109.39514 -0.1111)
menaratelepon_ar_50k_10f62879eecb175b3f432c439e656c64.88,88,140368,-0.0798,109.3791,Green Field,42,3 KAKI,POINT (109.3791 -0.0798)
menaratelepon_ar_50k_10f62879eecb175b3f432c439e656c64.89,89,KAL-WKL-0012-H-P,-0.19685,109.4504,Green Field,52,3 KAKI,POINT (109.4504 -0.19685)
menaratelepon_ar_50k_10f62879eecb175b3f432c439e656c64.90,90,140340,-0.00668,109.28487,Green Field,42,3 KAKI,POINT (109.28487 -0.00668)
menaratelepon_ar_50k_10f62879eecb175b3f432c439e656c64.91,91,140108,-0.02873,109.38661,Green Field,52,3 KAKI,POINT (109.38661 -0.02873)
menaratelepon_ar_50k_10f62879eecb175b3f432c439e656c64.92,92,140341,-0.03673,109.41427,Green Field,52,3 KAKI,POINT (109.41427 -0.03673)
menaratelepon_ar_50k_10f62879eecb175b3f432c439e656c64.93,93,140134,-0.245,109.356,green field,72,3 KAKI,POINT (109.356 -0.245)
menaratelepon_ar_50k_10f62879eecb175b3f432c439e656c64.94,94,140195,-0.232,109.382,green field,52,3 KAKI,POINT (109.382 -0.232)
menaratelepon_ar_50k_10f62879eecb175b3f432c439e656c64.95,95,140196,-0.48788,109.37753,Green Field,72,4 KAKI,POINT (109.37753 -0.48788)
menaratelepon_ar_50k_10f62879eecb175b3f432c439e656c64.96,96,140186,-0.06163,109.25604,Green Field,52,3 KAKI,POINT (109.25604 -0.06163)
menaratelepon_ar_50k_10f62879eecb175b3f432c439e656c64.97,97,140404,-0.05433,109.22469,Green Field,52,3 KAKI,POINT (109.22469 -0.05433)
menaratelepon_ar_50k_10f62879eecb175b3f432c439e656c64.98,98,KAL-WKL-0092-H-B,-0.08732,109.36707,Pole,25,4 KAKI,POINT (109.36707 -0.08732)
menaratelepon_ar_50k_10f62879eecb175b3f432c439e656c64.99,99,KAL-WKL-0091-H-B,-0.06158,109.36595,Green Field,43,3 KAKI,POINT (109.36595 -0.06158)
menaratelepon_ar_50k_10f62879eecb175b3f432c439e656c64.100,100,KAL-WKL-0049-T-B,-0.06084,109.18123,Green Field,70,3 KAKI,POINT (109.18123 -0.06084)
menaratelepon_ar_50k_10f62879eecb175b3f432c439e656c64.101,101,KAL-WKL-0106-H-B,-0.07499,109.37604,Pole,30,1 KAKI,POINT (109.37604 -0.07499)
menaratelepon_ar_50k_10f62879eecb175b3f432c439e656c64.102,102,KAL-WKL-0123-H-B,-0.0745,109.359,Pole,25,4 KAKI,POINT (109.359 -0.0745)
menaratelepon_ar_50k_10f62879eecb175b3f432c439e656c64.103,103,KAL-WKL-0141-T-B,-0.07108,109.29848,Green Field,40,3 KAKI,POINT (109.29848 -0.07108)
menaratelepon_ar_50k_10f62879eecb175b3f432c439e656c64.104,104,KAL-WKL-0096-T-B,-0.12651,109.40302,Pole,12,1 KAKI,POINT (109.40302 -0.12651)
menaratelepon_ar_50k_10f62879eecb175b3f432c439e656c64.105,105,KAL-WKL-0143-T-B,-0.09516,109.37697,Pole,12,1 KAKI,POINT (109.37697 -0.09516)
menaratelepon_ar_50k_10f62879eecb175b3f432c439e656c64.106,106,KAL-WKL-0108-H-B,-0.13563,109.40895,Pole,24,4 KAKI,POINT (109.40895 -0.13563)
menaratelepon_ar_50k_10f62879eecb175b3f432c439e656c64.107,107,GLN,-0.4445,109.38916,Green Field,102,4 KAKI,POINT (109.38916 -0.4445)
menaratelepon_ar_50k_10f62879eecb175b3f432c439e656c64.108,108,RSJ,-0.1952,109.2129,green field,112,4 KAKI,POINT (109.2129 -0.1952)
menaratelepon_ar_50k_10f62879eecb175b3f432c439e656c64.109,109,MPW078,-0.1105,110.074889,Green Field,72,4 KAKI,POINT (110.0748889 -0.1105)
menaratelepon_ar_50k_10f62879eecb175b3f432c439e656c64.110,110,MPW076,-0.569,109.28358,Green Field,72,4 KAKI,POINT (109.28358 -0.569)
menaratelepon_ar_50k_10f62879eecb175b3f432c439e656c64.111,111,P06-23,-0.80556,109.79445,Green Field,32,4 KAKI,POINT (109.79445 -0.80556)
menaratelepon_ar_50k_10f62879eecb175b3f432c439e656c64.112,112,P06-07,-0.79,109.253889,Green Field,32,4 KAKI,POINT (109.253889 -0.79)
menaratelepon_ar_50k_10f62879eecb175b3f432c439e656c64.113,113,P06-22,-0.859722,109.690278,Green Field,32,4 KAKI,POINT (109.6902778 -0.8597223)
menaratelepon_ar_50k_10f62879eecb175b3f432c439e656c64.114,114,tbg,-0.142833,109.413,Green Field,42,4 KAKI,POINT (109.413 -0.142833)
menaratelepon_ar_50k_10f62879eecb175b3f432c439e656c64.115,115,tbg,-0.06922,109.36237,Green Field,42,4 KAKI,POINT (109.36237 -0.06922)
menaratelepon_ar_50k_10f62879eecb175b3f432c439e656c64.116,116,tbg,0.09963,109.46834,Green field,72,4 KAKI,POINT (109.46834 0.09963)
menaratelepon_ar_50k_10f62879eecb175b3f432c439e656c64.117,117,tbg,-0.10232,109.38448,Green Field,42,4 KAKI,POINT (109.38448 -0.10232)
menaratelepon_ar_50k_10f62879eecb175b3f432c439e656c64.118,118,tbg,-0.12561,109.41011,Green Field,42,4 KAKI,POINT (109.41011 -0.12561)
menaratelepon_ar_50k_10f62879eecb175b3f432c439e656c64.119,119,tbg,-0.04704,109.49022,Green Field,42,4 KAKI,POINT (109.49022 -0.04704)
menaratelepon_ar_50k_10f62879eecb175b3f432c439e656c64.120,120,tbg,-0.03507,109.44057,Green Field,42,4 KAKI,POINT (109.44057 -0.03507)
menaratelepon_ar_50k_10f62879eecb175b3f432c439e656c64.121,121,tbg,-0.11835,109.39771,Green Field,42,4 KAKI,POINT (109.39771 -0.11835)
menaratelepon_ar_50k_10f62879eecb175b3f432c439e656c64.122,122,tbg,-0.15453,109.41719,Green Field,42,4 KAKI,POINT (109.41719 -0.15453)
menaratelepon_ar_50k_10f62879eecb175b3f432c439e656c64.123,123,tbg,-0.1004,109.40313,Green Field,42,4 KAKI,POINT (109.40313 -0.1004)
menaratelepon_ar_50k_10f62879eecb175b3f432c439e656c64.124,124,tbg,-0.26812,109.85852,Green Field,72,4 KAKI,POINT (109.85852 -0.26812)
menaratelepon_ar_50k_10f62879eecb175b3f432c439e656c64.125,125,tbg,-0.45297,109.55861,,72,4 KAKI,POINT (109.55861 -0.45297)
menaratelepon_ar_50k_10f62879eecb175b3f432c439e656c64.126,126,tbg,-0.0369,109.38134,Green Field,42,4 KAKI,POINT (109.38134 -0.0369)
menaratelepon_ar_50k_10f62879eecb175b3f432c439e656c64.127,127,tbg,-0.08744,109.22507,Green Field,62,4 KAKI,POINT (109.22507 -0.08744)
menaratelepon_ar_50k_10f62879eecb175b3f432c439e656c64.128,128,tbg,-0.008582,109.19601,Green Field,62,4 KAKI,POINT (109.19601 -0.008582)
menaratelepon_ar_50k_10f62879eecb175b3f432c439e656c64.129,129,tbg,-0.09954,109.28666,Green Field,52,4 KAKI,POINT (109.28666 -0.09954)
menaratelepon_ar_50k_10f62879eecb175b3f432c439e656c64.130,130,200116109,-0.18737,109.44364,Green Field,42,4 KAKI,POINT (109.44364 -0.18737)
menaratelepon_ar_50k_10f62879eecb175b3f432c439e656c64.131,131,C409,-0.126611,109.247694,Green Field,70,3 KAKI,POINT (109.2476944 -0.126611111)
menaratelepon_ar_50k_10f62879eecb175b3f432c439e656c64.132,132,2111021,-0.083444,109.387528,Green Field,32,3 KAKI,POINT (109.3875278 -0.083444444)
menaratelepon_ar_50k_10f62879eecb175b3f432c439e656c64.133,133,Perdamaian,-0.066056,109.302111,Green Field,51,3 KAKI,POINT (109.3021111 -0.06605556)
menaratelepon_ar_50k_10f62879eecb175b3f432c439e656c64.134,134,PELABUHAN RASAU,-0.264431,109.362325,green field,42,3 KAKI,POINT (109.362325 -0.264431)
menaratelepon_ar_50k_10f62879eecb175b3f432c439e656c64.135,135,140381,-0.31931,109.15189,green field,72,4 KAKI,POINT (109.15189 -0.31931)
menaratelepon_ar_50k_10f62879eecb175b3f432c439e656c64.136,136,140867A,-0.0031,109.28391,Green Field,42,4 KAKI,POINT (109.28391 -0.0031)
